,id,date,price,bedrooms,bathrooms,sqft_living,sqft_lot,floors,waterfront,view,condition,grade,grade_cat,sqft_above,sqft_basement,yr_built,yr_renovated,zipcode,lat,long,sqft_living15,sqft_lot15,coordinates,close to water,closest_water
93,6021501535,7/25/2014,430000,3,1.5,1580,5000,1,NO,NONE,Average,8,Good,1290,290,1939,0,98117,47.687,-122.386,1570,4500,"(47.687, -122.38600000000001)",FALSE,2.947730478
94,6021501535,12/23/2014,700000,3,1.5,1580,5000,1,NO,NONE,Average,8,Good,1290,290,1939,0,98117,47.687,-122.386,1570,4500,"(47.687, -122.38600000000001)",FALSE,2.947730478
313,4139480200,6/18/2014,1380000,4,3.25,4290,12103,1,NO,GOOD,Average,11,Excellent,2690,1600,1997,0,98006,47.5503,-122.102,3860,11244,"(47.5503, -122.102)",FALSE,1.965275176
314,4139480200,12/9/2014,1400000,4,3.25,4290,12103,1,NO,GOOD,Average,11,Excellent,2690,1600,1997,0,98006,47.5503,-122.102,3860,11244,"(47.5503, -122.102)",FALSE,1.965275176
324,7520000520,9/5/2014,232000,2,1,1240,12092,1,,NONE,Average,6,Low Average,960,280,1922,1984,98146,47.4957,-122.352,1820,7460,"(47.4957, -122.352)",FALSE,1.245222857
325,7520000520,3/11/2015,240500,2,1,1240,12092,1,NO,NONE,Average,6,Low Average,960,280,1922,1984,98146,47.4957,-122.352,1820,7460,"(47.4957, -122.352)",FALSE,1.245222857
345,3969300030,7/23/2014,165000,4,1,1000,7134,1,NO,NONE,Average,6,Low Average,1000,0,1943,0,98178,47.4897,-122.24,1020,7138,"(47.4897, -122.24)",FALSE,1.88778369
346,3969300030,12/29/2014,239900,4,1,1000,7134,1,NO,NONE,Average,6,Low Average,1000,0,1943,,98178,47.4897,-122.24,1020,7138,"(47.4897, -122.24)",FALSE,1.88778369
371,2231500030,10/1/2014,315000,4,2.25,2180,10754,1,,NONE,Very Good,7,Average,1100,1080,1954,0,98133,47.7711,-122.341,1810,6929,"(47.7711, -122.34100000000001)",FALSE,3.902720623
372,2231500030,3/24/2015,530000,4,2.25,2180,10754,1,NO,NONE,Very Good,7,Average,1100,1080,1954,0,98133,47.7711,-122.341,1810,6929,"(47.7711, -122.34100000000001)",FALSE,3.902720623
717,8820903380,7/28/2014,452000,6,2.25,2660,13579,2,NO,NONE,Average,7,Average,2660,0,1937,1990,98125,47.7142,-122.286,1120,8242,"(47.7142, -122.286)",TRUE,0.675329305
718,8820903380,1/2/2015,730000,6,2.25,2660,13579,2,NO,NONE,Average,7,Average,2660,0,1937,1990,98125,47.7142,-122.286,1120,8242,"(47.7142, -122.286)",TRUE,0.675329305
823,726049190,10/2/2014,287500,3,1,1810,7200,1,NO,NONE,Good,7,Average,1130,680,1954,0,98133,47.7493,-122.351,1810,8100,"(47.7493, -122.351)",FALSE,4.098736528
824,726049190,2/18/2015,431000,3,1,1810,7200,1,,NONE,Good,7,Average,1130,680,1954,0,98133,47.7493,-122.351,1810,8100,"(47.7493, -122.351)",FALSE,4.098736528
836,8682262400,7/18/2014,430000,2,1.75,1350,4003,1,NO,NONE,Average,8,Good,1350,0,2004,0,98053,47.7176,-122.033,1350,4479,"(47.7176, -122.03299999999999)",FALSE,8.934203073
837,8682262400,5/13/2015,419950,2,1.75,1350,4003,1,NO,NONE,Average,8,Good,1350,0,2004,0,98053,47.7176,-122.033,1350,4479,"(47.7176, -122.03299999999999)",FALSE,8.934203073
1084,9834200885,7/17/2014,360000,4,2.5,2080,4080,1,NO,NONE,Very Good,7,Average,1040,1040,1962,0,98144,47.572,-122.29,1340,4080,"(47.571999999999996, -122.29)",FALSE,2.279316491
1085,9834200885,4/20/2015,550000,4,2.5,2080,4080,1,NO,NONE,Very Good,7,Average,1040,1040,1962,0,98144,47.572,-122.29,1340,4080,"(47.571999999999996, -122.29)",FALSE,2.279316491
1127,8062900070,9/9/2014,272000,5,1.5,2550,6300,1,NO,NONE,Good,7,Average,1560,990,1959,0,98056,47.5014,-122.172,1380,6300,"(47.5014, -122.17200000000001)",FALSE,3.276950832
1128,8062900070,2/13/2015,369000,5,1.5,2550,6300,1,NO,NONE,Good,7,Average,1560,990,1959,,98056,47.5014,-122.172,1380,6300,"(47.5014, -122.17200000000001)",FALSE,3.276950832
1200,1231000510,9/22/2014,263000,3,1.75,1490,3800,1,NO,NONE,Average,6,Low Average,700,790,1913,0,98118,47.5554,-122.27,2180,4000,"(47.5554, -122.27)",FALSE,1.997411671
1201,1231000510,5/4/2015,510000,3,1.75,1490,3800,1,NO,NONE,Average,6,Low Average,700,790,1913,0,98118,47.5554,-122.27,2180,4000,"(47.5554, -122.27)",FALSE,1.997411671
1232,6117501820,6/18/2014,250275,2,1,790,11234,1,NO,NONE,Good,6,Low Average,790,0,1942,0,98166,47.4413,-122.349,1930,11871,"(47.4413, -122.34899999999999)",TRUE,0.356026368
1233,6117501820,4/28/2015,435000,2,1,790,11234,1,NO,NONE,Good,6,Low Average,790,0,1942,0,98166,47.4413,-122.349,1930,11871,"(47.4413, -122.34899999999999)",TRUE,0.356026368
1448,2228900270,8/12/2014,215000,2,1,1010,6000,1,NO,NONE,Good,6,Low Average,1010,0,1944,,98133,47.771,-122.353,1610,7313,"(47.771, -122.353)",FALSE,3.005579124
1449,2228900270,2/12/2015,302000,2,1,1010,6000,1,,NONE,Good,6,Low Average,1010,0,1944,0,98133,47.771,-122.353,1610,7313,"(47.771, -122.353)",FALSE,3.005579124
1462,3630120700,5/13/2014,757000,3,3.25,3190,5283,2,NO,NONE,Average,9,Better,3190,0,2007,0,98029,47.5534,-122.002,2950,5198,"(47.5534, -122.00200000000001)",FALSE,4.594398827
1463,3630120700,1/7/2015,765000,3,3.25,3190,5283,2,NO,NONE,Average,9,Better,3190,0,2007,0,98029,47.5534,-122.002,2950,5198,"(47.5534, -122.00200000000001)",FALSE,4.594398827
1574,7888000390,6/27/2014,140000,3,1,1060,7473,1,NO,NONE,Average,7,Average,1060,0,1959,0,98198,47.3699,-122.309,1320,7912,"(47.3699, -122.309)",FALSE,1.334931923
1575,7888000390,4/1/2015,235000,3,1,1060,7473,1,NO,NONE,Average,7,Average,1060,0,1959,,98198,47.3699,-122.309,1320,7912,"(47.3699, -122.309)",FALSE,1.334931923
1862,2143700830,10/6/2014,207000,4,2.5,2100,19680,1.5,,NONE,Average,6,Low Average,2100,0,1914,0,98055,47.4787,-122.23,1340,12300,"(47.4787, -122.23)",FALSE,2.659726765
1863,2143700830,3/12/2015,370000,4,2.5,2100,19680,1.5,NO,NONE,Average,6,Low Average,2100,0,1914,0,98055,47.4787,-122.23,1340,12300,"(47.4787, -122.23)",FALSE,2.659726765
2036,3395040550,7/28/2014,250000,3,2.5,1530,2890,2,NO,NONE,Average,7,Average,1530,0,2001,0,98108,47.5434,-122.293,1540,2890,"(47.5434, -122.29299999999999)",FALSE,2.267294623
2037,3395040550,4/29/2015,320000,3,2.5,1530,2890,2,NO,NONE,Average,7,Average,1530,0,2001,0,98108,47.5434,-122.293,1540,2890,"(47.5434, -122.29299999999999)",FALSE,2.267294623
2124,4345000510,10/15/2014,180500,3,2.5,1800,8518,2,NO,NONE,Average,7,Average,1800,0,1996,,98030,47.3643,-122.185,1770,7570,"(47.3643, -122.185)",FALSE,10.49415499
2125,4345000510,4/28/2015,325000,3,2.5,1800,8518,2,,NONE,Average,7,Average,1800,0,1996,0,98030,47.3643,-122.185,1770,7570,"(47.3643, -122.185)",FALSE,10.49415499
2491,9407110710,11/7/2014,195000,3,1.75,1510,8400,1,NO,NONE,Fair,7,Average,980,530,1979,0,98045,47.4476,-121.771,1500,10125,"(47.4476, -121.771)",FALSE,25.50464364
2492,9407110710,2/26/2015,322000,3,1.75,1510,8400,1,NO,NONE,Fair,7,Average,980,530,1979,0,98045,47.4476,-121.771,1500,10125,"(47.4476, -121.771)",FALSE,25.50464364
2494,1000102,9/16/2014,280000,6,3,2400,9373,2,,NONE,Average,7,Average,2400,0,1991,0,98002,47.3262,-122.214,2060,7316,"(47.3262, -122.214)",FALSE,8.683253452
2495,1000102,4/22/2015,300000,6,3,2400,9373,2,NO,NONE,Average,7,Average,2400,0,1991,0,98002,47.3262,-122.214,2060,7316,"(47.3262, -122.214)",FALSE,8.683253452
2500,1781500435,8/20/2014,260000,3,1.75,1580,7344,1,NO,NONE,Very Good,7,Average,1580,0,1911,,98126,47.5256,-122.38,1580,6207,"(47.5256, -122.38)",TRUE,0.98126586
2501,1781500435,2/25/2015,575000,3,1.75,1580,7344,1,NO,NONE,Very Good,7,Average,1580,0,1911,0,98126,47.5256,-122.38,1580,6207,"(47.5256, -122.38)",TRUE,0.98126586
2529,1232000810,9/12/2014,340000,3,2.5,1400,4800,1,NO,NONE,Average,7,Average,1200,200,1921,0,98117,47.6865,-122.379,1440,3840,"(47.6865, -122.37899999999999)",FALSE,3.335446377
2530,1232000810,3/26/2015,537000,3,2.5,1400,4800,1,NO,NONE,Average,7,Average,1200,200,1921,0,98117,47.6865,-122.379,1440,3840,"(47.6865, -122.37899999999999)",FALSE,3.335446377
2562,7856400240,6/27/2014,1620000,4,3,3900,9750,1,NO,EXCELLENT,Very Good,10,Very Good,2520,1380,1972,0,98006,47.5605,-122.158,3410,9450,"(47.5605, -122.15799999999999)",FALSE,2.661065649
2563,7856400240,2/11/2015,1650000,4,3,3900,9750,1,,EXCELLENT,Very Good,10,Very Good,2520,1380,1972,0,98006,47.5605,-122.158,3410,9450,"(47.5605, -122.15799999999999)",FALSE,2.661065649
2629,7983000200,10/5/2014,169575,3,1,1300,8284,1,NO,NONE,Average,7,Average,1300,0,1968,,98003,47.3327,-122.306,1360,7848,"(47.3327, -122.306)",FALSE,2.396806762
2630,7983000200,2/25/2015,250000,3,1,1300,8284,1,NO,NONE,Average,7,Average,1300,0,1968,0,98003,47.3327,-122.306,1360,7848,"(47.3327, -122.306)",FALSE,2.396806762
2974,9136103130,12/1/2014,430000,2,1.5,1090,4013,1.5,,NONE,Average,7,Average,1090,0,1900,0,98103,47.6652,-122.338,1390,4013,"(47.6652, -122.338)",FALSE,4.828666087
2975,9136103130,5/12/2015,685000,2,1.5,1090,4013,1.5,NO,NONE,Average,7,Average,1090,0,1900,,98103,47.6652,-122.338,1390,4013,"(47.6652, -122.338)",FALSE,4.828666087
3031,5083000375,10/27/2014,170000,3,1,1310,9529,1,NO,NONE,Average,7,Average,1310,0,1956,0,98198,47.4105,-122.295,1330,9529,"(47.4105, -122.295)",FALSE,3.417342097
3032,5083000375,3/19/2015,235000,3,1,1310,9529,1,NO,NONE,Average,7,Average,1310,0,1956,0,98198,47.4105,-122.295,1330,9529,"(47.4105, -122.295)",FALSE,3.417342097
3295,7409700215,6/6/2014,550000,3,1.5,1900,5000,1.5,NO,NONE,Average,7,Average,1640,260,1926,0,98115,47.6779,-122.294,2090,5000,"(47.6779, -122.294)",FALSE,2.439618011
3296,7409700215,3/13/2015,921500,3,1.5,1900,5000,1.5,NO,NONE,Average,7,Average,1640,260,1926,0,98115,47.6779,-122.294,2090,5000,"(47.6779, -122.294)",FALSE,2.439618011
3536,1823049202,6/10/2014,175000,6,1.5,1930,8400,1,,NONE,Average,7,Average,1030,900,1971,0,98146,47.4869,-122.34,1780,9520,"(47.4869, -122.34)",FALSE,1.812806527
3537,1823049202,1/7/2015,326000,6,1.5,1930,8400,1,NO,NONE,Average,7,Average,1030,900,1971,0,98146,47.4869,-122.34,1780,9520,"(47.4869, -122.34)",FALSE,1.812806527
3619,2767602141,9/5/2014,525000,3,1.5,1380,4290,1,NO,NONE,Average,7,Average,1080,300,1955,0,98107,47.674,-122.379,1510,3900,"(47.674, -122.37899999999999)",FALSE,2.815742457
3620,2767602141,12/22/2014,650000,3,1.5,1380,4290,1,NO,NONE,Average,7,Average,1080,300,1955,,98107,47.674,-122.379,1510,3900,"(47.674, -122.37899999999999)",FALSE,2.815742457
3752,1254200015,12/16/2014,405000,3,2.5,2260,5500,1.5,NO,NONE,Average,7,Average,1280,980,1910,,98117,47.681,-122.388,1790,5355,"(47.681000000000004, -122.38799999999999)",FALSE,2.438023201
3753,1254200015,4/8/2015,625000,3,2.5,2260,5500,1.5,NO,NONE,Average,7,Average,1280,980,1910,0,98117,47.681,-122.388,1790,5355,"(47.681000000000004, -122.38799999999999)",FALSE,2.438023201
3781,723049156,5/23/2014,149000,3,1,1700,8645,1,NO,NONE,Average,6,Low Average,1700,0,1955,0,98146,47.4899,-122.337,1500,7980,"(47.4899, -122.337)",FALSE,2.045639317
3782,723049156,11/12/2014,284700,3,1,1700,8645,1,NO,NONE,Average,6,Low Average,1700,0,1955,0,98146,47.4899,-122.337,1500,7980,"(47.4899, -122.337)",FALSE,2.045639317
3789,4435000705,7/8/2014,160000,3,1,1350,8700,1.5,NO,NONE,Average,6,Low Average,1350,0,1942,0,98188,47.4497,-122.289,1300,8700,"(47.4497, -122.289)",FALSE,4.955944173
3790,4435000705,3/9/2015,255500,3,1,1350,8700,1.5,NO,NONE,Average,6,Low Average,1350,0,1942,,98188,47.4497,-122.289,1300,8700,"(47.4497, -122.289)",FALSE,4.955944173
3874,4364700600,12/16/2014,216000,3,1,1010,7920,1,NO,NONE,Average,6,Low Average,1010,0,1925,0,98126,47.5249,-122.37,1520,7560,"(47.5249, -122.37)",FALSE,1.732116574
3875,4364700600,3/30/2015,390000,3,1,1010,7920,1,NO,NONE,Average,6,Low Average,1010,0,1925,0,98126,47.5249,-122.37,1520,7560,"(47.5249, -122.37)",FALSE,1.732116574
3946,1825069031,8/14/2014,550000,4,1.75,2410,8447,2,NO,GOOD,Good,8,Good,2060,350,1936,1980,98074,47.6499,-122.088,2520,14789,"(47.6499, -122.088)",TRUE,0.622192784
3947,1825069031,10/16/2014,550000,4,1.75,2410,8447,2,,GOOD,Good,8,Good,2060,350,1936,1980,98074,47.6499,-122.088,2520,14789,"(47.6499, -122.088)",TRUE,0.622192784
4073,3262300940,11/7/2014,875000,3,1,1220,8119,1,NO,NONE,Good,7,Average,1220,0,1955,,98039,47.6328,-122.236,1910,8119,"(47.6328, -122.236)",TRUE,0.975823294
4074,3262300940,2/10/2015,940000,3,1,1220,8119,1,NO,NONE,Good,7,Average,1220,0,1955,,98039,47.6328,-122.236,1910,8119,"(47.6328, -122.236)",TRUE,0.975823294
4338,9353300600,6/24/2014,348500,3,1.5,1360,10726,1,NO,NONE,Good,7,Average,1360,0,1966,0,98059,47.4948,-122.134,1650,10726,"(47.4948, -122.134)",FALSE,6.161281057
4339,9353300600,3/26/2015,370000,3,1.5,1360,10726,1,NO,NONE,Good,7,Average,1360,0,1966,0,98059,47.4948,-122.134,1650,10726,"(47.4948, -122.134)",FALSE,6.161281057
4867,1524079093,8/27/2014,275000,3,1.75,1300,20700,1,NO,NONE,Average,7,Average,1300,0,1962,,98024,47.5587,-121.904,1930,37638,"(47.5587, -121.904)",FALSE,11.71189822
4868,1524079093,3/18/2015,369500,3,1.75,1300,20700,1,,NONE,Average,7,Average,1300,0,1962,0,98024,47.5587,-121.904,1930,37638,"(47.5587, -121.904)",FALSE,11.71189822
4917,9809000020,5/13/2014,1900000,5,2.25,3120,16672,2,NO,NONE,Good,9,Better,3120,0,1969,,98004,47.6458,-122.219,3740,17853,"(47.6458, -122.219)",TRUE,0.599317026
4918,9809000020,3/13/2015,1940000,5,2.25,3120,16672,2,NO,NONE,Good,9,Better,3120,0,1969,0,98004,47.6458,-122.219,3740,17853,"(47.6458, -122.219)",TRUE,0.599317026
5239,3303000130,1/16/2015,370000,3,2.25,1770,7667,1,NO,NONE,Average,8,Good,1270,500,1966,0,98177,47.7724,-122.362,2180,8103,"(47.7724, -122.36200000000001)",FALSE,2.324196754
5240,3303000130,4/28/2015,520000,3,2.25,1770,7667,1,,NONE,Average,8,Good,1270,500,1966,,98177,47.7724,-122.362,2180,8103,"(47.7724, -122.36200000000001)",FALSE,2.324196754
5246,7524400250,8/22/2014,424240,3,2,2080,12094,2,NO,NONE,Good,8,Good,2080,0,1982,0,98052,47.7035,-122.164,2230,12204,"(47.7035, -122.164)",FALSE,3.97550958
5247,7524400250,11/24/2014,589950,3,2,2080,12094,2,NO,NONE,Good,8,Good,2080,0,1982,,98052,47.7035,-122.164,2230,12204,"(47.7035, -122.164)",FALSE,3.97550958
5267,4204400098,1/19/2015,250000,5,1.75,2190,8250,1,NO,AVERAGE,Average,7,Average,1190,1000,1963,0,98055,47.4887,-122.223,2570,8250,"(47.4887, -122.223)",FALSE,1.480619194
5268,4204400098,4/21/2015,385000,5,1.75,2190,8250,1,,AVERAGE,Average,7,Average,1190,1000,1963,0,98055,47.4887,-122.223,2570,8250,"(47.4887, -122.223)",FALSE,1.480619194
5335,6632900574,8/6/2014,367500,5,3,2980,10064,1,NO,NONE,Average,7,Average,1680,1300,1940,0,98155,47.7372,-122.316,1590,7800,"(47.7372, -122.316)",FALSE,2.344469719
5336,6632900574,2/25/2015,595000,5,3,2980,10064,1,NO,NONE,Average,7,Average,1680,1300,1940,0,98155,47.7372,-122.316,1590,7800,"(47.7372, -122.316)",FALSE,2.344469719
5587,2726049071,12/11/2014,510000,2,1,820,4206,1,,NONE,Average,5,Fair,820,0,1949,0,98125,47.7076,-122.284,1810,7200,"(47.7076, -122.28399999999999)",TRUE,0.612693084
5588,2726049071,4/8/2015,489950,2,1,820,4206,1,NO,NONE,Average,5,Fair,820,0,1949,,98125,47.7076,-122.284,1810,7200,"(47.7076, -122.28399999999999)",TRUE,0.612693084
5689,3578401060,12/16/2014,345000,3,2.25,1920,9672,2,NO,NONE,Good,8,Good,1920,0,1984,0,98074,47.6233,-122.046,1950,10125,"(47.6233, -122.046)",FALSE,1.827764356
5690,3578401060,5/4/2015,625000,3,2.25,1920,9672,2,NO,NONE,Good,8,Good,1920,0,1984,0,98074,47.6233,-122.046,1950,10125,"(47.6233, -122.046)",FALSE,1.827764356
5718,1788800630,10/29/2014,96500,3,1,840,12091,1,,NONE,Average,6,Low Average,840,0,1959,0,98023,47.3281,-122.343,840,9324,"(47.3281, -122.34299999999999)",FALSE,2.157635484
5719,1788800630,2/25/2015,185000,3,1,840,12091,1,NO,NONE,Average,6,Low Average,840,0,1959,0,98023,47.3281,-122.343,840,9324,"(47.3281, -122.34299999999999)",FALSE,2.157635484
5751,6381500170,8/26/2014,235000,2,1,910,7617,1,NO,NONE,Average,6,Low Average,910,0,1936,0,98125,47.7332,-122.305,1310,6624,"(47.7332, -122.305)",FALSE,1.507114642
5752,6381500170,1/16/2015,365000,2,1,910,7617,1,NO,NONE,Average,6,Low Average,910,0,1936,0,98125,47.7332,-122.305,1310,6624,"(47.7332, -122.305)",FALSE,1.507114642
5753,1954420170,5/21/2014,368250,3,2.5,2150,7484,2,NO,NONE,Average,8,Good,2150,0,1988,,98074,47.6191,-122.043,2150,6879,"(47.6191, -122.04299999999999)",FALSE,1.904984849
5754,1954420170,11/13/2014,580000,3,2.5,2150,7484,2,NO,NONE,Average,8,Good,2150,0,1988,,98074,47.6191,-122.043,2150,6879,"(47.6191, -122.04299999999999)",FALSE,1.904984849
5966,1545800290,9/5/2014,215000,4,2.5,1700,6675,2,NO,NONE,Average,7,Average,1700,0,1997,0,98038,47.3638,-122.053,1570,7540,"(47.3638, -122.053)",FALSE,19.96562459
5967,1545800290,4/8/2015,315000,4,2.5,1700,6675,2,NO,NONE,Average,7,Average,1700,0,1997,0,98038,47.3638,-122.053,1570,7540,"(47.3638, -122.053)",FALSE,19.96562459
6339,9828200460,6/27/2014,260000,2,1,700,4800,1,NO,NONE,Average,7,Average,700,0,1922,0,98122,47.6147,-122.3,1440,4800,"(47.6147, -122.3)",FALSE,2.654780133
6340,9828200460,1/6/2015,430000,2,1,700,4800,1,NO,NONE,Average,7,Average,700,0,1922,0,98122,47.6147,-122.3,1440,4800,"(47.6147, -122.3)",FALSE,2.654780133
6365,9222400605,11/15/2014,842500,5,4,2980,4500,1.5,,NONE,Average,7,Average,2070,910,1921,0,98115,47.6736,-122.323,1560,4225,"(47.6736, -122.323)",FALSE,4.239729196
6366,9222400605,4/11/2015,850000,5,4,2980,4500,1.5,NO,NONE,Average,7,Average,2070,910,1921,0,98115,47.6736,-122.323,1560,4225,"(47.6736, -122.323)",FALSE,4.239729196
6428,8832900780,10/13/2014,480000,5,2,1760,21562,1,NO,FAIR,Average,8,Good,1560,200,1959,,98028,47.7597,-122.263,2150,12676,"(47.7597, -122.26299999999999)",TRUE,0.721084917
6429,8832900780,4/8/2015,647500,5,2,1760,21562,1,NO,FAIR,Average,8,Good,1560,200,1959,0,98028,47.7597,-122.263,2150,12676,"(47.7597, -122.26299999999999)",TRUE,0.721084917
6527,8645530010,5/15/2014,225000,3,2,1400,7384,1,NO,NONE,Average,7,Average,1150,250,1979,,98058,47.4655,-122.174,1820,7992,"(47.4655, -122.17399999999999)",FALSE,5.436459393
6528,8645530010,3/25/2015,295000,3,2,1400,7384,1,NO,NONE,Average,7,Average,1150,250,1979,0,98058,47.4655,-122.174,1820,7992,"(47.4655, -122.17399999999999)",FALSE,5.436459393
6624,3323059027,5/28/2014,326000,3,2.75,1720,28000,1,NO,NONE,Good,7,Average,1720,0,1958,0,98058,47.4375,-122.176,2000,41817,"(47.4375, -122.176)",FALSE,7.96557655
6625,3323059027,2/25/2015,340000,3,2.75,1720,28000,1,NO,NONE,Good,7,Average,1720,0,1958,,98058,47.4375,-122.176,2000,41817,"(47.4375, -122.176)",FALSE,7.96557655
6713,5417600130,10/10/2014,244500,2,1,910,9000,1,,NONE,Average,5,Fair,910,0,1923,0,98065,47.526,-121.81,1290,9000,"(47.526, -121.81)",FALSE,19.32205557
6714,5417600130,5/12/2015,301000,2,1,910,9000,1,NO,NONE,Average,5,Fair,910,0,1923,0,98065,47.526,-121.81,1290,9000,"(47.526, -121.81)",FALSE,19.32205557
6783,8651510380,8/21/2014,310000,3,2,2070,9195,1,NO,NONE,Average,8,Good,1220,850,1982,,98074,47.6491,-122.061,2080,9551,"(47.6491, -122.061)",FALSE,1.787172119
6784,8651510380,12/16/2014,539000,3,2,2070,9195,1,NO,NONE,Average,8,Good,1220,850,1982,0,98074,47.6491,-122.061,2080,9551,"(47.6491, -122.061)",FALSE,1.787172119
6896,5249801440,12/16/2014,250000,3,1,1660,7650,1.5,,NONE,Average,7,Average,1350,310,1910,0,98118,47.5576,-122.277,1750,5760,"(47.5576, -122.277)",FALSE,2.398942138
6897,5249801440,4/22/2015,570000,3,1,1660,7650,1.5,,NONE,Average,7,Average,1350,310,1910,0,98118,47.5576,-122.277,1750,5760,"(47.5576, -122.277)",FALSE,2.398942138
7171,526059224,9/23/2014,260000,4,1.75,1650,7276,1,NO,NONE,Average,7,Average,1010,640,1977,0,98011,47.7721,-122.206,1840,8550,"(47.7721, -122.206)",FALSE,5.187305562
7172,526059224,2/6/2015,470000,4,1.75,1650,7276,1,NO,NONE,Average,7,Average,1010,640,1977,0,98011,47.7721,-122.206,1840,8550,"(47.7721, -122.206)",FALSE,5.187305562
7238,1446403850,9/16/2014,118125,2,1,790,7153,1,NO,NONE,Good,6,Low Average,790,0,1944,0,98168,47.4869,-122.324,810,7128,"(47.4869, -122.324)",FALSE,3.016940616
7239,1446403850,1/14/2015,212000,2,1,790,7153,1,NO,NONE,Good,6,Low Average,790,0,1944,0,98168,47.4869,-122.324,810,7128,"(47.4869, -122.324)",FALSE,3.016940616
7785,251300110,7/31/2014,225000,3,2.25,2510,12013,2,NO,NONE,Average,8,Good,2510,0,1988,0,98003,47.3473,-122.314,1870,8017,"(47.3473, -122.314)",TRUE,0.789072987
7786,251300110,1/14/2015,358000,3,2.25,2510,12013,2,NO,NONE,Average,8,Good,2510,0,1988,0,98003,47.3473,-122.314,1870,8017,"(47.3473, -122.314)",TRUE,0.789072987
7838,4139420590,5/20/2014,1210000,4,3.5,4560,16643,1,NO,GOOD,Average,12,Luxury,2230,2330,1995,0,98006,47.5521,-122.115,4060,15177,"(47.5521, -122.115)",FALSE,2.404008683
7839,4139420590,8/27/2014,1200000,4,3.5,4560,16643,1,NO,GOOD,Average,12,Luxury,2230,2330,1995,0,98006,47.5521,-122.115,4060,15177,"(47.5521, -122.115)",FALSE,2.404008683
7840,2621600015,1/21/2015,120000,3,1,1150,8924,1,NO,NONE,Average,6,Low Average,1150,0,1943,0,98030,47.3865,-122.217,1492,8924,"(47.3865, -122.21700000000001)",FALSE,8.177111054
7841,2621600015,4/30/2015,175000,3,1,1150,8924,1,NO,NONE,Average,6,Low Average,1150,0,1943,0,98030,47.3865,-122.217,1492,8924,"(47.3865, -122.21700000000001)",FALSE,8.177111054
8004,2206700215,8/22/2014,375000,4,2,2070,9822,1,NO,NONE,Very Good,7,Average,2070,0,1955,0,98006,47.566,-122.14,1300,9572,"(47.566, -122.14)",FALSE,2.800702406
8005,2206700215,4/22/2015,550000,4,2,2070,9822,1,NO,NONE,Very Good,7,Average,2070,0,1955,0,98006,47.566,-122.14,1300,9572,"(47.566, -122.14)",FALSE,2.800702406
8118,2787460720,2/27/2015,200000,3,2,1010,7896,1,NO,NONE,Average,7,Average,1010,0,1984,0,98031,47.4046,-122.181,1540,7896,"(47.4046, -122.181)",FALSE,11.09894865
8119,2787460720,5/6/2015,259950,3,2,1010,7896,1,NO,NONE,Average,7,Average,1010,0,1984,0,98031,47.4046,-122.181,1540,7896,"(47.4046, -122.181)",FALSE,11.09894865
8267,3883800011,11/5/2014,82000,3,1,860,10426,1,NO,NONE,Average,6,Low Average,860,0,1954,0,98146,47.4987,-122.341,1140,11250,"(47.4987, -122.34100000000001)",FALSE,2.102125009
8268,3883800011,4/8/2015,219900,3,1,860,10426,1,NO,NONE,Average,6,Low Average,860,0,1954,0,98146,47.4987,-122.341,1140,11250,"(47.4987, -122.34100000000001)",FALSE,2.102125009
8333,4154300296,9/26/2014,235000,3,1,960,5030,1,NO,NONE,Average,7,Average,960,0,1955,0,98118,47.5611,-122.28,1460,5400,"(47.5611, -122.28)",FALSE,2.846727571
8334,4154300296,3/18/2015,545000,3,1,960,5030,1,NO,NONE,Average,7,Average,960,0,1955,0,98118,47.5611,-122.28,1460,5400,"(47.5611, -122.28)",FALSE,2.846727571
8426,1721801010,9/3/2014,225000,3,1,1790,6120,1,NO,NONE,Average,6,Low Average,1790,0,1937,1964,98146,47.508,-122.337,830,6120,"(47.508, -122.337)",FALSE,3.013808236
8427,1721801010,4/24/2015,302100,3,1,1790,6120,1,NO,NONE,Average,6,Low Average,1790,0,1937,1964,98146,47.508,-122.337,830,6120,"(47.508, -122.337)",FALSE,3.013808236
8496,1237500540,10/21/2014,225000,3,1.75,1370,10866,1,NO,NONE,Good,6,Low Average,1370,0,1945,0,98052,47.6774,-122.164,1580,14250,"(47.6774, -122.164)",FALSE,3.530083607
8497,1237500540,12/22/2014,270000,3,1.75,1370,10866,1,NO,NONE,Good,6,Low Average,1370,0,1945,,98052,47.6774,-122.164,1580,14250,"(47.6774, -122.164)",FALSE,3.530083607
8523,5101405604,8/14/2014,350000,1,1,900,6380,1,NO,NONE,Average,6,Low Average,900,0,1947,0,98125,47.7019,-122.311,1830,6380,"(47.7019, -122.311)",FALSE,2.733371213
8524,5101405604,4/28/2015,395000,1,1,900,6380,1,,NONE,Average,6,Low Average,900,0,1947,0,98125,47.7019,-122.311,1830,6380,"(47.7019, -122.311)",FALSE,2.733371213
8621,5127001320,11/25/2014,190000,3,1.75,1520,9600,1,NO,NONE,Good,7,Average,1520,0,1967,0,98059,47.473,-122.149,1590,10183,"(47.473, -122.149)",FALSE,6.376589942
8622,5127001320,2/23/2015,314950,3,1.75,1520,9600,1,,NONE,Good,7,Average,1520,0,1967,0,98059,47.473,-122.149,1590,10183,"(47.473, -122.149)",FALSE,6.376589942
8895,5282200015,5/27/2014,525000,5,3,2750,3800,1.5,NO,NONE,Very Good,7,Average,1750,1000,1926,0,98115,47.6845,-122.313,1900,3800,"(47.6845, -122.31299999999999)",FALSE,3.304689025
8896,5282200015,1/26/2015,840000,5,3,2750,3800,1.5,NO,NONE,Very Good,7,Average,1750,1000,1926,0,98115,47.6845,-122.313,1900,3800,"(47.6845, -122.31299999999999)",FALSE,3.304689025
8906,7977201065,11/4/2014,350000,3,1.75,1380,4590,1,NO,NONE,Fair,7,Average,930,450,1950,0,98115,47.6841,-122.293,1320,4692,"(47.6841, -122.29299999999999)",FALSE,1.948587997
8907,7977201065,3/5/2015,740000,3,1.75,1380,4590,1,NO,NONE,Fair,7,Average,930,450,1950,0,98115,47.6841,-122.293,1320,4692,"(47.6841, -122.29299999999999)",FALSE,1.948587997
9007,3739500096,1/26/2015,229000,3,2,1540,6000,1,NO,NONE,Good,6,Low Average,1540,0,1953,0,98155,47.7372,-122.307,1490,8213,"(47.7372, -122.307)",FALSE,1.677205878
9008,3739500096,5/5/2015,430000,3,2,1540,6000,1,NO,NONE,Good,6,Low Average,1540,0,1953,0,98155,47.7372,-122.307,1490,8213,"(47.7372, -122.307)",FALSE,1.677205878
9105,1568100300,9/17/2014,350000,6,4.5,3500,8504,2,NO,NONE,Average,7,Average,3500,0,1980,0,98155,47.7351,-122.295,1550,8460,"(47.7351, -122.295)",TRUE,0.753030903
9106,1568100300,1/21/2015,682500,6,4.5,3500,8504,2,NO,NONE,Average,7,Average,3500,?,1980,0,98155,47.7351,-122.295,1550,8460,"(47.7351, -122.295)",TRUE,0.753030903
9111,1922059278,10/14/2014,145000,3,1,1010,11880,1,NO,NONE,Average,7,Average,1010,0,1960,,98030,47.3762,-122.219,1150,9435,"(47.3762, -122.219)",FALSE,8.015455612
9112,1922059278,3/5/2015,255000,3,1,1010,11880,1,NO,NONE,Average,7,Average,1010,0,1960,,98030,47.3762,-122.219,1150,9435,"(47.3762, -122.219)",FALSE,8.015455612
9225,302000375,8/14/2014,169100,3,2,1050,18304,1,NO,NONE,Good,7,Average,1050,0,1953,0,98001,47.3206,-122.269,1690,15675,"(47.3206, -122.26899999999999)",FALSE,5.29191512
9226,302000375,5/6/2015,250000,3,2,1050,18304,1,NO,NONE,Good,7,Average,1050,0,1953,0,98001,47.3206,-122.269,1690,15675,"(47.3206, -122.26899999999999)",FALSE,5.29191512
9266,722039087,9/23/2014,220500,2,1,990,57499,1,NO,NONE,Fair,6,Low Average,990,0,1949,0,98070,47.4145,-122.463,2090,27442,"(47.4145, -122.463)",FALSE,1.468737781
9267,722039087,5/4/2015,329000,2,1,990,57499,1,NO,NONE,Fair,6,Low Average,990,0,1949,0,98070,47.4145,-122.463,2090,27442,"(47.4145, -122.463)",FALSE,1.468737781
9268,8129700644,7/3/2014,715000,3,4,2080,2250,3,NO,EXCELLENT,Average,8,Good,2080,0,1997,0,98103,47.6598,-122.355,2080,2250,"(47.6598, -122.355)",FALSE,4.717165222
9269,8129700644,4/24/2015,780000,3,4,2080,2250,3,NO,EXCELLENT,Average,8,Good,2080,0,1997,,98103,47.6598,-122.355,2080,2250,"(47.6598, -122.355)",FALSE,4.717165222
9270,4443800385,8/18/2014,410000,2,1,1480,4080,1,,NONE,Average,7,Average,1050,430,1949,0,98117,47.6842,-122.393,1310,4080,"(47.6842, -122.39299999999999)",FALSE,2.347476553
9271,4443800385,5/6/2015,778100,2,1,1480,4080,1,NO,NONE,Average,7,Average,1050,430,1949,0,98117,47.6842,-122.393,1310,4080,"(47.6842, -122.39299999999999)",FALSE,2.347476553
9383,2212200100,10/22/2014,229950,4,2.5,2150,7670,1,,NONE,Very Good,7,Average,1240,910,1976,0,98031,47.3942,-122.189,1610,7350,"(47.3942, -122.189)",FALSE,10.36559295
9384,2212200100,4/22/2015,344900,4,2.5,2150,7670,1,,NONE,Very Good,7,Average,1240,910,1976,0,98031,47.3942,-122.189,1610,7350,"(47.3942, -122.189)",FALSE,10.36559295
9430,4302201085,9/18/2014,248000,3,1,1470,7680,1,NO,NONE,Average,7,Average,1220,250,1946,0,98106,47.5276,-122.359,1470,6784,"(47.5276, -122.359)",FALSE,2.576668161
9431,4302201085,5/6/2015,546940,3,1,1470,7680,1,NO,NONE,Average,7,Average,1220,250,1946,,98106,47.5276,-122.359,1470,6784,"(47.5276, -122.359)",FALSE,2.576668161
9480,5054800110,10/16/2014,238000,5,2.25,2240,9652,2,,NONE,Average,7,Average,2240,0,1990,0,98055,47.4249,-122.211,2180,11644,"(47.4249, -122.211)",FALSE,8.61199581
9481,5054800110,2/13/2015,328000,5,2.25,2240,9652,2,,NONE,Average,7,Average,2240,0,1990,0,98055,47.4249,-122.211,2180,11644,"(47.4249, -122.211)",FALSE,8.61199581
9497,8103000110,6/3/2014,280000,2,1.5,1480,15641,1,NO,NONE,Good,7,Average,1480,0,1940,0,98146,47.5008,-122.366,1520,7525,"(47.5008, -122.366)",TRUE,0.869311632
9498,8103000110,2/5/2015,490000,2,1.5,1480,15641,1,NO,NONE,Good,7,Average,1480,0,1940,0,98146,47.5008,-122.366,1520,7525,"(47.5008, -122.366)",TRUE,0.869311632
9711,2568300045,6/25/2014,305000,6,2,1900,8240,1,,NONE,Fair,7,Average,1200,700,1964,0,98125,47.7037,-122.296,1900,8240,"(47.7037, -122.296)",FALSE,1.600604801
9712,2568300045,3/19/2015,649950,6,2,1900,8240,1,NO,NONE,Fair,7,Average,1200,700,1964,,98125,47.7037,-122.296,1900,8240,"(47.7037, -122.296)",FALSE,1.600604801
9810,3598600049,10/3/2014,124000,1,0.75,840,7203,1.5,NO,NONE,Average,6,Low Average,840,0,1949,,98168,47.4756,-122.301,1560,8603,"(47.4756, -122.301)",FALSE,4.830519142
9811,3598600049,4/24/2015,224000,1,0.75,840,7203,1.5,NO,NONE,Average,6,Low Average,840,0,1949,0,98168,47.4756,-122.301,1560,8603,"(47.4756, -122.301)",FALSE,4.830519142
9865,1219000473,6/26/2014,164950,3,1.75,1570,15330,1,NO,NONE,Average,7,Average,1080,490,1956,0,98166,47.4608,-122.34,1250,13330,"(47.4608, -122.34)",FALSE,2.348354859
9866,1219000473,3/23/2015,371000,3,1.75,1570,15330,1,NO,NONE,Average,7,Average,1080,490,1956,0,98166,47.4608,-122.34,1250,13330,"(47.4608, -122.34)",FALSE,2.348354859
10210,3293700496,8/14/2014,270000,4,1.75,1850,7730,1,NO,NONE,Very Good,7,Average,1100,750,1956,0,98133,47.7481,-122.355,2260,8581,"(47.7481, -122.355)",FALSE,3.964757556
10211,3293700496,12/4/2014,450000,4,1.75,1850,7730,1,,NONE,Very Good,7,Average,1100,750,1956,0,98133,47.7481,-122.355,2260,8581,"(47.7481, -122.355)",FALSE,3.964757556
10215,8945100320,5/6/2014,136500,3,1.5,1420,8580,1,NO,NONE,Average,6,Low Average,1420,0,1962,,98023,47.3076,-122.362,1200,8580,"(47.3076, -122.36200000000001)",FALSE,2.791403898
10216,8945100320,10/8/2014,224097,3,1.5,1420,8580,1,NO,NONE,Average,6,Low Average,1420,0,1962,0,98023,47.3076,-122.362,1200,8580,"(47.3076, -122.36200000000001)",FALSE,2.791403898
10242,2422049104,9/15/2014,85000,2,1,830,9000,1,NO,NONE,Average,6,Low Average,830,0,1939,0,98032,47.3813,-122.243,1160,7680,"(47.3813, -122.243)",FALSE,6.192135706
10243,2422049104,12/30/2014,235000,2,1,830,9000,1,NO,NONE,Average,6,Low Average,830,0,1939,0,98032,47.3813,-122.243,1160,7680,"(47.3813, -122.243)",FALSE,6.192135706
10246,1995200200,5/6/2014,313950,3,1,1510,6083,1,NO,NONE,Good,6,Low Average,860,650,1940,0,98115,47.6966,-122.324,1510,5712,"(47.6966, -122.324)",FALSE,3.845556098
10247,1995200200,10/8/2014,415000,3,1,1510,6083,1,NO,NONE,Good,6,Low Average,860,650,1940,0,98115,47.6966,-122.324,1510,5712,"(47.6966, -122.324)",FALSE,3.845556098
10261,1450100390,9/5/2014,125000,3,1,920,7314,1,,NONE,Average,6,Low Average,920,0,1960,0,98002,47.2892,-122.22,1010,7420,"(47.2892, -122.22)",FALSE,10.37736547
10262,1450100390,3/16/2015,208000,3,1,920,7314,1,NO,NONE,Average,6,Low Average,920,0,1960,,98002,47.2892,-122.22,1010,7420,"(47.2892, -122.22)",FALSE,10.37736547
10308,6623400187,9/23/2014,185000,4,1,1760,8906,1,NO,NONE,Average,7,Average,1230,530,1966,0,98055,47.4288,-122.198,1180,10407,"(47.4288, -122.198)",FALSE,8.337092362
10309,6623400187,2/20/2015,365000,4,1,1760,8906,1,NO,NONE,Average,7,Average,1230,530,1966,0,98055,47.4288,-122.198,1180,10407,"(47.4288, -122.198)",FALSE,8.337092362
10598,2767603612,5/12/2014,500000,2,2.25,1290,1334,3,NO,NONE,Average,8,Good,1290,0,2007,0,98107,47.6719,-122.382,1350,1334,"(47.6719, -122.382)",FALSE,2.563021329
10599,2767603612,1/13/2015,489000,2,2.25,1290,1334,3,NO,NONE,Average,8,Good,1290,0,2007,,98107,47.6719,-122.382,1350,1334,"(47.6719, -122.382)",FALSE,2.563021329
10904,7227800055,9/9/2014,199500,4,2,1750,8116,1,NO,NONE,Good,5,Fair,1750,0,1943,0,98056,47.5097,-122.181,1440,7865,"(47.5097, -122.181)",FALSE,2.255892667
10905,7227800055,11/24/2014,247000,4,2,1750,8116,1,NO,NONE,Good,5,Fair,1750,0,1943,0,98056,47.5097,-122.181,1440,7865,"(47.5097, -122.181)",FALSE,2.255892667
10957,3271300955,7/3/2014,554729,4,2.5,2020,4350,2,NO,NONE,Very Good,9,Better,1730,290,1943,0,98199,47.6503,-122.41,1620,5800,"(47.6503, -122.41)",FALSE,2.225316332
10958,3271300955,2/24/2015,868000,4,2.5,2020,4350,2,NO,NONE,Very Good,9,Better,1730,290,1943,0,98199,47.6503,-122.41,1620,5800,"(47.6503, -122.41)",FALSE,2.225316332
11049,6141100320,7/7/2014,245000,2,1,1500,6685,1,,NONE,Average,7,Average,1190,310,1926,,98133,47.7186,-122.354,1420,6561,"(47.7186, -122.354)",FALSE,5.469858787
11050,6141100320,2/13/2015,570000,2,1,1500,6685,1,NO,NONE,Average,7,Average,1190,310,1926,0,98133,47.7186,-122.354,1420,6561,"(47.7186, -122.354)",FALSE,5.469858787
11182,1139600270,7/1/2014,300000,3,2.75,2090,9620,1,NO,NONE,Average,8,Good,1340,750,1987,0,98023,47.2741,-122.337,2150,9660,"(47.2741, -122.337)",FALSE,6.958236984
11183,1139600270,3/24/2015,310000,3,2.75,2090,9620,1,NO,NONE,Average,8,Good,1340,750,1987,0,98023,47.2741,-122.337,2150,9660,"(47.2741, -122.337)",FALSE,6.958236984
11190,8161020060,6/20/2014,443500,4,2.5,2040,21781,2,NO,NONE,Average,8,Good,2040,0,1994,0,98014,47.6458,-121.904,2410,21781,"(47.6458, -121.904)",FALSE,12.64534148
11191,8161020060,4/14/2015,471000,4,2.5,2040,21781,2,NO,NONE,Average,8,Good,2040,0,1994,0,98014,47.6458,-121.904,2410,21781,"(47.6458, -121.904)",FALSE,12.64534148
11275,5101402435,6/3/2014,312000,3,2.25,1540,5338,1,NO,NONE,Very Good,7,Average,770,770,1954,0,98115,47.6942,-122.304,1680,6525,"(47.6942, -122.304)",FALSE,2.478770123
11276,5101402435,3/4/2015,539000,3,2.25,1540,5338,1,NO,NONE,Very Good,7,Average,770,770,1954,0,98115,47.6942,-122.304,1680,6525,"(47.6942, -122.304)",FALSE,2.478770123
11350,7701960990,6/16/2014,862000,4,2.5,3190,14565,2,NO,NONE,Average,11,Excellent,3190,0,1990,0,98077,47.713,-122.072,3420,20475,"(47.713, -122.072)",FALSE,7.614020041
11351,7701960990,8/19/2014,870000,4,2.5,3190,14565,2,NO,NONE,Average,11,Excellent,3190,0,1990,0,98077,47.713,-122.072,3420,20475,"(47.713, -122.072)",FALSE,7.614020041
11421,109200390,8/20/2014,245000,3,1.75,1480,3900,1,NO,NONE,Good,7,Average,1480,0,1980,0,98023,47.2977,-122.367,1830,6956,"(47.2977, -122.367)",FALSE,3.717162277
11422,109200390,10/20/2014,250000,3,1.75,1480,3900,1,NO,NONE,Good,7,Average,1480,0,1980,0,98023,47.2977,-122.367,1830,6956,"(47.2977, -122.367)",FALSE,3.717162277
11446,4305200070,5/19/2014,350000,3,2.25,1640,7200,2,,NONE,Good,8,Good,1640,0,1985,0,98007,47.5948,-122.153,1830,8372,"(47.5948, -122.15299999999999)",FALSE,3.213380175
11447,4305200070,9/22/2014,561000,3,2.25,1640,7200,2,NO,NONE,Good,8,Good,1640,0,1985,,98007,47.5948,-122.153,1830,8372,"(47.5948, -122.15299999999999)",FALSE,3.213380175
11574,8807810890,8/27/2014,259875,3,1,1250,21303,1,,NONE,Average,6,Low Average,1250,0,1970,0,98053,47.6625,-122.059,1250,17920,"(47.6625, -122.059)",FALSE,2.704254883
11575,8807810890,11/5/2014,385000,3,1,1250,21303,1,NO,NONE,Average,6,Low Average,1250,0,1970,,98053,47.6625,-122.059,1250,17920,"(47.6625, -122.059)",FALSE,2.704254883
11763,2892700041,7/14/2014,168000,3,1.5,1370,7439,1,NO,NONE,Good,6,Low Average,1370,0,1963,,98055,47.4499,-122.189,2350,3370,"(47.4499, -122.189)",FALSE,6.303998219
11764,2892700041,1/28/2015,238000,3,1.5,1370,7439,1,,NONE,Good,6,Low Average,1370,0,1963,0,98055,47.4499,-122.189,2350,3370,"(47.4499, -122.189)",FALSE,6.303998219
12018,7230400400,9/26/2014,240000,3,2,1220,17652,1,NO,NONE,Good,7,Average,1220,0,1980,0,98059,47.4712,-122.1,1990,17652,"(47.4712, -122.1)",FALSE,9.520386182
12019,7230400400,3/26/2015,415500,3,2,1220,17652,1,NO,NONE,Good,7,Average,1220,0,1980,0,98059,47.4712,-122.1,1990,17652,"(47.4712, -122.1)",FALSE,9.520386182
12053,1036400200,2/13/2015,661000,4,1.75,1670,13125,1,NO,NONE,Very Good,8,Good,1670,0,1973,0,98052,47.6315,-122.101,2360,12500,"(47.6315, -122.101)",TRUE,0.789324845
12054,1036400200,4/29/2015,697000,4,1.75,1670,13125,1,NO,NONE,Very Good,8,Good,1670,0,1973,0,98052,47.6315,-122.101,2360,12500,"(47.6315, -122.101)",TRUE,0.789324845
12109,7520000695,11/4/2014,151100,3,1,840,4495,1,NO,NONE,Average,6,Low Average,840,0,1921,0,98146,47.496,-122.349,1260,7434,"(47.496, -122.34899999999999)",FALSE,1.438313133
12110,7520000695,4/21/2015,251000,3,1,840,4495,1,NO,NONE,Average,6,Low Average,840,0,1921,,98146,47.496,-122.349,1260,7434,"(47.496, -122.34899999999999)",FALSE,1.438313133
12196,4031000520,7/8/2014,115000,1,2,1150,9812,1,NO,NONE,Good,7,Average,1150,0,1962,0,98001,47.2951,-122.284,1200,9812,"(47.2951, -122.28399999999999)",FALSE,6.868619855
12197,4031000520,11/25/2014,227000,1,2,1150,9812,1,NO,NONE,Good,7,Average,1150,0,1962,0,98001,47.2951,-122.284,1200,9812,"(47.2951, -122.28399999999999)",FALSE,6.868619855
12320,5430300171,7/3/2014,430000,3,1.5,1810,5080,1,NO,NONE,Average,7,Average,1030,780,1958,0,98115,47.6819,-122.287,1780,7620,"(47.6819, -122.287)",FALSE,1.754347683
12321,5430300171,1/29/2015,615500,3,1.5,1810,5080,1,NO,NONE,Average,7,Average,1030,780,1958,0,98115,47.6819,-122.287,1780,7620,"(47.6819, -122.287)",FALSE,1.754347683
12326,5132000140,6/18/2014,175000,6,1,1370,5080,1.5,NO,NONE,Average,6,Low Average,1120,250,1931,0,98106,47.5238,-122.35,1020,5080,"(47.5238, -122.35)",FALSE,3.241019246
12327,5132000140,1/20/2015,415000,6,1,1370,5080,1.5,,NONE,Average,6,Low Average,1120,250,1931,0,98106,47.5238,-122.35,1020,5080,"(47.5238, -122.35)",FALSE,3.241019246
12365,7899800045,8/28/2014,107000,3,1.5,910,5120,1,NO,NONE,Average,6,Low Average,910,0,1973,,98106,47.5238,-122.356,1410,5132,"(47.5238, -122.35600000000001)",FALSE,2.789612372
12366,7899800045,12/2/2014,232900,3,1.5,910,5120,1,NO,NONE,Average,6,Low Average,910,0,1973,0,98106,47.5238,-122.356,1410,5132,"(47.5238, -122.35600000000001)",FALSE,2.789612372
12376,3935900232,9/29/2014,207000,3,1,920,5546,1,NO,NONE,Fair,6,Low Average,920,?,1928,0,98125,47.7114,-122.284,1300,5546,"(47.7114, -122.28399999999999)",TRUE,0.570404394
12377,3935900232,1/12/2015,237000,3,1,920,5546,1,NO,NONE,Fair,6,Low Average,920,0,1928,0,98125,47.7114,-122.284,1300,5546,"(47.7114, -122.28399999999999)",TRUE,0.570404394
12405,123039336,6/11/2014,148000,1,1,620,8261,1,NO,NONE,Average,5,Fair,620,0,1939,0,98106,47.5138,-122.364,1180,8244,"(47.5138, -122.36399999999999)",FALSE,1.898642579
12406,123039336,12/8/2014,244900,1,1,620,8261,1,NO,NONE,Average,5,Fair,620,0,1939,,98106,47.5138,-122.364,1180,8244,"(47.5138, -122.36399999999999)",FALSE,1.898642579
12422,1217000340,6/6/2014,185000,3,1,1840,8100,1,NO,NONE,Good,7,Average,920,920,1953,,98166,47.455,-122.35,1250,8100,"(47.455, -122.35)",FALSE,1.498254859
12423,1217000340,2/19/2015,340000,3,1,1840,8100,1,NO,NONE,Good,7,Average,920,920,1953,0,98166,47.455,-122.35,1250,8100,"(47.455, -122.35)",FALSE,1.498254859
12819,9238500040,6/24/2014,400000,3,2.5,2970,23100,1,NO,NONE,Average,7,Average,1510,1460,1967,0,98072,47.7735,-122.133,2390,20300,"(47.7735, -122.133)",FALSE,10.30506937
12820,9238500040,2/10/2015,599000,3,2.5,2970,23100,1,NO,NONE,Average,7,Average,1510,1460,1967,0,98072,47.7735,-122.133,2390,20300,"(47.7735, -122.133)",FALSE,10.30506937
12907,8910500150,5/29/2014,329932,3,1.5,1460,5040,1,NO,NONE,Average,7,Average,1100,360,1971,0,98133,47.7112,-122.357,2330,7560,"(47.7112, -122.35700000000001)",FALSE,5.950609721
12908,8910500150,1/20/2015,539000,3,1.5,1460,5040,1,NO,NONE,Average,7,Average,1100,360,1971,0,98133,47.7112,-122.357,2330,7560,"(47.7112, -122.35700000000001)",FALSE,5.950609721
12942,2019200220,9/23/2014,160000,3,2.25,1470,8682,1,NO,NONE,Average,7,Average,1160,310,1985,0,98003,47.2729,-122.299,1670,8359,"(47.2729, -122.29899999999999)",FALSE,8.654601988
12943,2019200220,2/26/2015,269000,3,2.25,1470,8682,1,NO,NONE,Average,7,Average,1160,310,1985,,98003,47.2729,-122.299,1670,8359,"(47.2729, -122.29899999999999)",FALSE,8.654601988
13010,9211500620,10/8/2014,182700,3,2.25,1740,6650,1,NO,NONE,Average,7,Average,1240,500,1978,0,98023,47.2979,-122.379,1740,7000,"(47.2979, -122.37899999999999)",FALSE,3.387419467
13011,9211500620,4/28/2015,305000,3,2.25,1740,6650,1,NO,NONE,Average,7,Average,1240,500,1978,0,98023,47.2979,-122.379,1740,7000,"(47.2979, -122.37899999999999)",FALSE,3.387419467
13170,1523049207,8/5/2014,161000,4,2,1700,8043,1,NO,NONE,Average,7,Average,850,850,1954,0,98168,47.4758,-122.288,1540,13260,"(47.4758, -122.288)",FALSE,5.001590122
13171,1523049207,1/14/2015,220000,4,2,1700,8043,1,NO,NONE,Average,7,Average,850,850,1954,0,98168,47.4758,-122.288,1540,13260,"(47.4758, -122.288)",FALSE,5.001590122
13285,7167000040,8/13/2014,740000,4,3,3350,199253,2,,NONE,Average,10,Very Good,3350,0,2004,0,98010,47.3602,-121.988,3350,183897,"(47.3602, -121.988)",FALSE,22.71620658
13286,7167000040,3/5/2015,700000,4,3,3350,199253,2,NO,NONE,Average,10,Very Good,3350,0,2004,0,98010,47.3602,-121.988,3350,183897,"(47.3602, -121.988)",FALSE,22.71620658
13604,3185600040,5/22/2014,180000,2,1,1400,4500,1,NO,NONE,Average,7,Average,900,500,1922,0,98055,47.4866,-122.219,1400,5500,"(47.4866, -122.219)",FALSE,1.727037662
13605,3185600040,12/24/2014,310000,2,1,1400,4500,1,,NONE,Average,7,Average,900,500,1922,0,98055,47.4866,-122.219,1400,5500,"(47.4866, -122.219)",FALSE,1.727037662
13615,2023049218,7/16/2014,105500,2,1,930,7740,1,NO,NONE,Poor,5,Fair,930,0,1932,0,98148,47.4611,-122.324,1620,8584,"(47.4611, -122.324)",FALSE,3.11812837
13616,2023049218,3/16/2015,445000,2,1,930,7740,1,NO,NONE,Poor,5,Fair,930,0,1932,,98148,47.4611,-122.324,1620,8584,"(47.4611, -122.324)",FALSE,3.11812837
13646,3432501415,7/14/2014,265000,3,1.75,1170,8148,1,NO,NONE,Average,7,Average,1170,0,1952,0,98155,47.7479,-122.318,1200,8147,"(47.7479, -122.318)",FALSE,2.682677729
13647,3432501415,11/11/2014,399000,3,1.75,1170,8148,1,NO,NONE,Average,7,Average,1170,0,1952,0,98155,47.7479,-122.318,1200,8147,"(47.7479, -122.318)",FALSE,2.682677729
13679,937000330,12/24/2014,157000,3,1.5,1170,11530,1,NO,NONE,Average,7,Average,1170,0,1960,0,98198,47.4211,-122.29,1550,8605,"(47.4211, -122.29)",FALSE,4.401483119
13680,937000330,3/19/2015,246500,3,1.5,1170,11530,1,NO,NONE,Average,7,Average,1170,0,1960,0,98198,47.4211,-122.29,1550,8605,"(47.4211, -122.29)",FALSE,4.401483119
13721,5332200530,6/13/2014,910000,5,2.5,2350,4000,2,NO,NONE,Average,9,Better,2350,0,1993,0,98112,47.6265,-122.296,1840,4000,"(47.6265, -122.296)",FALSE,3.124825504
13722,5332200530,4/24/2015,1020000,5,2.5,2350,4000,2,NO,NONE,Average,9,Better,2350,0,1993,,98112,47.6265,-122.296,1840,4000,"(47.6265, -122.296)",FALSE,3.124825504
13743,1788900230,7/22/2014,86500,3,1,840,9480,1,NO,NONE,Average,6,Low Average,840,0,1960,0,98023,47.3277,-122.341,840,9420,"(47.3277, -122.34100000000001)",FALSE,2.31507273
13744,1788900230,4/3/2015,199950,3,1,840,9480,1,NO,NONE,Average,6,Low Average,840,0,1960,0,98023,47.3277,-122.341,840,9420,"(47.3277, -122.34100000000001)",FALSE,2.31507273
14207,1250201165,11/21/2014,441000,5,2.5,2000,3600,1,NO,NONE,Average,6,Low Average,1150,850,1987,0,98144,47.5971,-122.295,1410,3600,"(47.5971, -122.295)",TRUE,0.789663253
14208,1250201165,3/17/2015,474500,5,2.5,2000,3600,1,NO,NONE,Average,6,Low Average,1150,850,1987,0,98144,47.5971,-122.295,1410,3600,"(47.5971, -122.295)",TRUE,0.789663253
14294,3528000040,10/1/2014,1690000,3,3.25,5290,224442,2,NO,NONE,Good,11,Excellent,4540,750,1988,0,98053,47.6671,-122.051,3750,84936,"(47.6671, -122.051)",FALSE,3.49039735
14295,3528000040,3/26/2015,1800000,3,3.25,5290,224442,2,NO,NONE,Good,11,Excellent,4540,750,1988,0,98053,47.6671,-122.051,3750,84936,"(47.6671, -122.051)",FALSE,3.49039735
14353,3333002450,7/8/2014,165000,1,1,850,8050,1,NO,NONE,Fair,6,Low Average,850,0,1906,0,98118,47.5427,-122.288,1590,5180,"(47.5427, -122.288)",FALSE,1.884025607
14354,3333002450,1/22/2015,490000,1,1,850,8050,1,NO,NONE,Fair,6,Low Average,850,0,1906,0,98118,47.5427,-122.288,1590,5180,"(47.5427, -122.288)",FALSE,1.884025607
14470,3523069060,11/7/2014,290000,3,1.75,1340,63597,1,NO,NONE,Good,7,Average,1340,0,1963,0,98038,47.4379,-122.011,1950,87120,"(47.4379, -122.01100000000001)",FALSE,13.97823895
14471,3523069060,4/1/2015,415000,3,1.75,1340,63597,1,NO,NONE,Good,7,Average,1340,0,1963,0,98038,47.4379,-122.011,1950,87120,"(47.4379, -122.01100000000001)",FALSE,13.97823895
14560,1432400120,11/11/2014,165000,3,1,1010,7690,1,NO,NONE,Good,6,Low Average,1010,0,1958,,98058,47.4501,-122.176,1010,7619,"(47.4501, -122.176)",FALSE,6.731900588
14561,1432400120,5/8/2015,255000,3,1,1010,7690,1,NO,NONE,Good,6,Low Average,1010,0,1958,0,98058,47.4501,-122.176,1010,7619,"(47.4501, -122.176)",FALSE,6.731900588
14841,324000530,7/8/2014,201500,3,1,1320,5000,1.5,NO,NONE,Average,7,Average,1320,0,1912,,98116,47.5711,-122.386,1320,4179,"(47.5711, -122.38600000000001)",FALSE,1.808667348
14842,324000530,3/23/2015,459000,3,1,1320,5000,1.5,NO,NONE,Average,7,Average,1320,0,1912,0,98116,47.5711,-122.386,1320,4179,"(47.5711, -122.38600000000001)",FALSE,1.808667348
14968,6308000010,12/8/2014,585000,3,2.5,2290,5089,2,NO,NONE,Average,9,Better,2290,0,2001,0,98006,47.5443,-122.172,2290,7984,"(47.5443, -122.17200000000001)",FALSE,1.899256715
14969,6308000010,4/23/2015,585000,3,2.5,2290,5089,2,NO,NONE,Average,9,Better,2290,0,2001,0,98006,47.5443,-122.172,2290,7984,"(47.5443, -122.17200000000001)",FALSE,1.899256715
14979,4222310010,12/26/2014,152500,4,1,1730,7350,1.5,NO,NONE,Good,6,Low Average,1730,0,1970,,98003,47.3467,-122.307,1440,7752,"(47.3467, -122.307)",FALSE,1.295996986
14980,4222310010,4/20/2015,267950,4,1,1730,7350,1.5,NO,NONE,Good,6,Low Average,1730,0,1970,,98003,47.3467,-122.307,1440,7752,"(47.3467, -122.307)",FALSE,1.295996986
14987,7504021310,5/6/2014,525000,3,2.5,2970,11985,1,NO,NONE,Average,9,Better,1770,1200,1995,0,98074,47.6359,-122.052,2990,12049,"(47.6359, -122.052)",FALSE,1.498885282
14988,7504021310,12/4/2014,745000,3,2.5,2970,11985,1,,NONE,Average,9,Better,1770,1200,1995,0,98074,47.6359,-122.052,2990,12049,"(47.6359, -122.052)",FALSE,1.498885282
15132,7961500010,8/6/2014,245000,3,2.25,2210,10794,1,NO,NONE,Average,7,Average,1540,670,1967,0,98178,47.4911,-122.224,2230,10753,"(47.4911, -122.22399999999999)",FALSE,1.221201406
15133,7961500010,3/4/2015,520000,3,2.25,2210,10794,1,NO,NONE,Average,7,Average,1540,670,1967,0,98178,47.4911,-122.224,2230,10753,"(47.4911, -122.22399999999999)",FALSE,1.221201406
15142,6669020290,10/23/2014,169000,3,1.75,1720,9775,1,NO,NONE,Average,8,Good,1720,0,1978,,98032,47.3731,-122.286,1970,8400,"(47.3731, -122.286)",FALSE,3.040763963
15143,6669020290,3/4/2015,279950,3,1.75,1720,9775,1,NO,NONE,Average,8,Good,1720,0,1978,0,98032,47.3731,-122.286,1970,8400,"(47.3731, -122.286)",FALSE,3.040763963
15185,9834200305,7/16/2014,350000,3,1,1790,3876,1.5,NO,NONE,Very Good,7,Average,1090,?,1904,0,98144,47.575,-122.288,1360,4080,"(47.575, -122.288)",FALSE,1.93603256
15186,9834200305,2/10/2015,615000,3,1,1790,3876,1.5,NO,NONE,Very Good,7,Average,1090,700,1904,0,98144,47.575,-122.288,1360,4080,"(47.575, -122.288)",FALSE,1.93603256
15263,2619920170,10/1/2014,772500,4,2.5,3230,4290,2,NO,NONE,Average,9,Better,3230,0,2004,0,98033,47.6874,-122.161,3220,5083,"(47.6874, -122.161)",FALSE,3.938128532
15264,2619920170,12/19/2014,765000,4,2.5,3230,4290,2,NO,NONE,Average,9,Better,3230,0,2004,,98033,47.6874,-122.161,3220,5083,"(47.6874, -122.161)",FALSE,3.938128532
15285,705730280,8/19/2014,325000,3,2.5,1740,5267,2,NO,NONE,Average,7,Average,1740,0,1999,0,98038,47.3777,-122.023,2180,5000,"(47.3777, -122.023)",FALSE,20.17176957
15286,705730280,4/21/2015,335000,3,2.5,1740,5267,2,NO,NONE,Average,7,Average,1740,0,1999,0,98038,47.3777,-122.023,2180,5000,"(47.3777, -122.023)",FALSE,20.17176957
15351,7972000010,5/20/2014,120750,3,1.75,1140,9628,1,NO,NONE,Good,7,Average,1140,0,1969,,98023,47.2933,-122.372,1510,9633,"(47.2933, -122.37200000000001)",FALSE,4.024193941
15352,7972000010,10/21/2014,195000,3,1.75,1140,9628,1,NO,NONE,Good,7,Average,1140,0,1969,,98023,47.2933,-122.372,1510,9633,"(47.2933, -122.37200000000001)",FALSE,4.024193941
15454,4202400078,1/28/2015,175000,2,1,1410,7000,1,NO,NONE,Average,7,Average,1410,0,1968,,98055,47.4908,-122.223,1540,6000,"(47.4908, -122.223)",FALSE,1.247499412
15455,4202400078,4/28/2015,335000,2,1,1410,7000,1,NO,NONE,Average,7,Average,1410,0,1968,0,98055,47.4908,-122.223,1540,6000,"(47.4908, -122.223)",FALSE,1.247499412
15554,2560801222,6/18/2014,180000,3,2.25,1990,6350,2,NO,NONE,Average,7,Average,1990,0,1967,0,98198,47.3822,-122.316,1220,6250,"(47.3822, -122.316)",TRUE,0.690530398
15555,2560801222,11/13/2014,309950,3,2.25,1990,6350,2,,NONE,Average,7,Average,1990,0,1967,0,98198,47.3822,-122.316,1220,6250,"(47.3822, -122.316)",TRUE,0.690530398
15593,3904100089,8/1/2014,190000,3,1.75,1350,7370,1,NO,NONE,Good,6,Low Average,1350,0,1912,0,98118,47.5336,-122.278,1440,6000,"(47.5336, -122.27799999999999)",FALSE,1.151134564
15594,3904100089,3/18/2015,300000,3,1.75,1350,7370,1,NO,NONE,Good,6,Low Average,1350,0,1912,,98118,47.5336,-122.278,1440,6000,"(47.5336, -122.27799999999999)",FALSE,1.151134564
15642,7893805650,5/5/2014,210000,5,2,2050,10200,1,NO,NONE,Average,6,Low Average,1430,620,1956,0,98198,47.4136,-122.333,1940,8625,"(47.4136, -122.333)",FALSE,1.189944099
15643,7893805650,3/13/2015,475000,5,2,2050,10200,1,NO,NONE,Average,6,Low Average,1430,620,1956,0,98198,47.4136,-122.333,1940,8625,"(47.4136, -122.333)",FALSE,1.189944099
15787,2044500213,6/17/2014,310000,4,2,1870,6000,1.5,NO,NONE,Average,7,Average,1870,0,1956,,98125,47.7155,-122.315,1520,7169,"(47.7155, -122.315)",FALSE,2.828951065
15788,2044500213,1/26/2015,449000,4,2,1870,6000,1.5,NO,NONE,Average,7,Average,1870,0,1956,0,98125,47.7155,-122.315,1520,7169,"(47.7155, -122.315)",FALSE,2.828951065
15796,7129304540,12/20/2014,133000,5,2,1430,5600,1.5,NO,NONE,Average,6,Low Average,1430,0,1947,,98118,47.5192,-122.266,1860,5980,"(47.5192, -122.266)",TRUE,0.677935379
15797,7129304540,5/14/2015,440000,5,2,1430,5600,1.5,NO,NONE,Average,6,Low Average,1430,0,1947,0,98118,47.5192,-122.266,1860,5980,"(47.5192, -122.266)",TRUE,0.677935379
15986,2561340020,8/4/2014,325000,3,1.75,1780,11096,1,,NONE,Average,7,Average,1210,570,1979,0,98074,47.617,-122.051,1780,10640,"(47.617, -122.051)",FALSE,1.280368494
15987,2561340020,2/17/2015,500000,3,1.75,1780,11096,1,NO,NONE,Average,7,Average,1210,570,1979,0,98074,47.617,-122.051,1780,10640,"(47.617, -122.051)",FALSE,1.280368494
15998,5536100020,12/15/2014,987000,3,2,2160,15788,1,NO,NONE,Average,8,Good,2160,0,1951,0,98004,47.6227,-122.207,2260,9787,"(47.6227, -122.20700000000001)",FALSE,3.080548274
15999,5536100020,5/12/2015,1190000,3,2,2160,15788,1,NO,NONE,Average,8,Good,2160,0,1951,0,98004,47.6227,-122.207,2260,9787,"(47.6227, -122.20700000000001)",FALSE,3.080548274
16657,9250900104,11/10/2014,300000,5,1.75,2110,8500,1,NO,NONE,Average,7,Average,1100,1010,1962,0,98133,47.7737,-122.35,2020,8500,"(47.7737, -122.35)",FALSE,3.22415047
16658,9250900104,4/10/2015,496000,5,1.75,2110,8500,1,NO,NONE,Average,7,Average,1100,1010,1962,,98133,47.7737,-122.35,2020,8500,"(47.7737, -122.35)",FALSE,3.22415047
16800,7200179,10/16/2014,150000,2,1,840,12750,1,NO,NONE,Average,6,Low Average,840,0,1925,0,98055,47.484,-122.211,1480,6969,"(47.483999999999995, -122.211)",FALSE,2.166114432
16801,7200179,4/24/2015,175000,2,1,840,12750,1,NO,NONE,Average,6,Low Average,840,0,1925,,98055,47.484,-122.211,1480,6969,"(47.483999999999995, -122.211)",FALSE,2.166114432
17052,8651402750,2/18/2015,132825,3,1.5,1210,5200,1,,NONE,Very Good,6,Low Average,1210,0,1969,0,98042,47.3615,-122.087,1120,5200,"(47.3615, -122.087)",FALSE,17.85130375
17053,8651402750,4/30/2015,219950,3,1.5,1210,5200,1,NO,NONE,Very Good,6,Low Average,1210,0,1969,0,98042,47.3615,-122.087,1120,5200,"(47.3615, -122.087)",FALSE,17.85130375
17119,6143000020,10/27/2014,175000,3,1.75,1910,17003,1.5,NO,NONE,Good,8,Good,1910,0,1963,0,98001,47.3095,-122.283,1820,14806,"(47.3095, -122.28299999999999)",FALSE,5.506944346
17120,6143000020,4/6/2015,299000,3,1.75,1910,17003,1.5,NO,NONE,Good,8,Good,1910,0,1963,0,98001,47.3095,-122.283,1820,14806,"(47.3095, -122.28299999999999)",FALSE,5.506944346
17190,4139440480,6/26/2014,695000,3,2.75,2590,12063,2,NO,NONE,Average,10,Very Good,2590,0,1993,,98006,47.5527,-122.12,2850,8469,"(47.5527, -122.12)",FALSE,2.499420905
17191,4139440480,12/1/2014,796500,3,2.75,2590,12063,2,NO,NONE,Average,10,Very Good,2590,0,1993,0,98006,47.5527,-122.12,2850,8469,"(47.5527, -122.12)",FALSE,2.499420905
17266,2473380920,8/13/2014,206325,5,2.5,1720,10202,1.5,NO,NONE,Average,7,Average,1720,0,1970,0,98058,47.4572,-122.167,1720,8478,"(47.4572, -122.167)",FALSE,6.480298339
17267,2473380920,2/27/2015,339000,5,2.5,1720,10202,1.5,NO,NONE,Average,7,Average,1720,0,1970,0,98058,47.4572,-122.167,1720,8478,"(47.4572, -122.167)",FALSE,6.480298339
17276,1974300020,8/27/2014,380000,4,2.5,2270,11500,1,NO,NONE,Average,8,Good,1540,730,1967,0,98034,47.7089,-122.241,2020,10918,"(47.7089, -122.241)",TRUE,0.622034235
17277,1974300020,2/18/2015,624900,4,2.5,2270,11500,1,NO,NONE,Average,8,Good,1540,730,1967,,98034,47.7089,-122.241,2020,10918,"(47.7089, -122.241)",TRUE,0.622034235
17367,641900050,8/19/2014,335000,4,2.25,2160,8817,1,NO,NONE,Average,7,Average,1460,700,1965,0,98133,47.7595,-122.356,1880,8817,"(47.7595, -122.35600000000001)",FALSE,3.148424133
17368,641900050,2/6/2015,499950,4,2.25,2160,8817,1,NO,NONE,Average,7,Average,1460,700,1965,0,98133,47.7595,-122.356,1880,8817,"(47.7595, -122.35600000000001)",FALSE,3.148424133
17468,7387500235,5/15/2014,340000,3,1.75,1960,8136,1,NO,NONE,Average,7,Average,980,980,1948,0,98106,47.5208,-122.364,1070,7480,"(47.5208, -122.36399999999999)",FALSE,2.233375347
17469,7387500235,3/17/2015,363000,3,1.75,1960,8136,1,NO,NONE,Average,7,Average,980,980,1948,,98106,47.5208,-122.364,1070,7480,"(47.5208, -122.36399999999999)",FALSE,2.233375347
17566,1423049019,5/23/2014,90000,2,1,580,7500,1,NO,NONE,Average,5,Fair,580,0,1943,0,98178,47.4852,-122.251,1700,11250,"(47.4852, -122.251)",FALSE,2.808536054
17567,1423049019,3/31/2015,220000,2,1,580,7500,1,NO,NONE,Average,5,Fair,580,0,1943,0,98178,47.4852,-122.251,1700,11250,"(47.4852, -122.251)",FALSE,2.808536054
17588,795000620,9/24/2014,115000,3,1,1080,6250,1,NO,NONE,Fair,5,Fair,1080,0,1950,0,98168,47.5045,-122.33,1070,6250,"(47.5045, -122.33)",FALSE,3.150945361
17589,795000620,12/15/2014,124000,3,1,1080,6250,1,NO,NONE,Fair,5,Fair,1080,0,1950,0,98168,47.5045,-122.33,1070,6250,"(47.5045, -122.33)",FALSE,3.150945361
17590,795000620,3/11/2015,157000,3,1,1080,6250,1,,NONE,Fair,5,Fair,1080,0,1950,,98168,47.5045,-122.33,1070,6250,"(47.5045, -122.33)",FALSE,3.150945361
17749,1630700361,6/27/2014,530000,4,1.75,2860,48351,1,NO,NONE,Average,8,Good,1710,1150,1978,0,98077,47.7605,-122.085,2460,43560,"(47.7605, -122.085)",FALSE,12.1198501
17750,1630700361,4/9/2015,583500,4,1.75,2860,48351,1,NO,NONE,Average,8,Good,1710,1150,1978,0,98077,47.7605,-122.085,2460,43560,"(47.7605, -122.085)",FALSE,12.1198501
17837,6791200120,9/23/2014,480000,3,2.25,1820,13362,1,NO,NONE,Average,8,Good,1220,600,1977,0,98075,47.5898,-122.052,2050,15000,"(47.5898, -122.052)",FALSE,2.205857918
17838,6791200120,4/7/2015,515000,3,2.25,1820,13362,1,NO,NONE,Average,8,Good,1220,600,1977,0,98075,47.5898,-122.052,2050,15000,"(47.5898, -122.052)",FALSE,2.205857918
18219,6751300375,7/2/2014,415000,3,1,1520,9030,1,NO,NONE,Average,7,Average,1520,0,1956,0,98007,47.587,-122.134,1470,8712,"(47.586999999999996, -122.134)",FALSE,1.736043144
18220,6751300375,10/16/2014,522500,3,1,1520,9030,1,NO,NONE,Average,7,Average,1520,0,1956,,98007,47.587,-122.134,1470,8712,"(47.586999999999996, -122.134)",FALSE,1.736043144
18549,7657000540,9/2/2014,165000,4,1,1220,7980,1.5,NO,NONE,Average,6,Low Average,1220,0,1944,0,98178,47.4924,-122.237,1210,7920,"(47.4924, -122.23700000000001)",FALSE,1.511994953
18550,7657000540,3/4/2015,260000,4,1,1220,7980,1.5,NO,NONE,Average,6,Low Average,1220,0,1944,0,98178,47.4924,-122.237,1210,7920,"(47.4924, -122.23700000000001)",FALSE,1.511994953
18688,3558900590,11/25/2014,360000,6,1.75,2230,10080,1,NO,NONE,Average,7,Average,1390,840,1969,0,98034,47.7089,-122.201,2110,8475,"(47.7089, -122.20100000000001)",FALSE,1.762774268
18689,3558900590,3/24/2015,692500,6,1.75,2230,10080,1,NO,NONE,Average,7,Average,1390,840,1969,0,98034,47.7089,-122.201,2110,8475,"(47.7089, -122.20100000000001)",FALSE,1.762774268
18690,8121100395,6/24/2014,425000,4,1.5,1600,6180,1.5,NO,NONE,Average,6,Low Average,1600,0,1946,0,98118,47.5681,-122.285,1410,6180,"(47.5681, -122.285)",FALSE,2.705912487
18691,8121100395,3/11/2015,645000,4,1.5,1600,6180,1.5,NO,NONE,Average,6,Low Average,1600,0,1946,0,98118,47.5681,-122.285,1410,6180,"(47.5681, -122.285)",FALSE,2.705912487
18747,3332000615,10/20/2014,310000,3,1,1330,3740,1.5,NO,NONE,Average,6,Low Average,1330,0,1903,,98118,47.5502,-122.274,1330,5053,"(47.5502, -122.274)",FALSE,1.561044182
18748,3332000615,4/22/2015,389000,3,1,1330,3740,1.5,,NONE,Average,6,Low Average,1330,0,1903,0,98118,47.5502,-122.274,1330,5053,"(47.5502, -122.274)",FALSE,1.561044182
18976,7856400300,7/2/2014,1410000,2,2.5,3180,9400,2,NO,EXCELLENT,Very Good,10,Very Good,2610,570,1985,0,98006,47.5617,-122.158,3760,9450,"(47.5617, -122.15799999999999)",FALSE,2.683240809
18977,7856400300,3/22/2015,1510000,2,2.5,3180,9400,2,NO,EXCELLENT,Very Good,10,Very Good,2610,570,1985,0,98006,47.5617,-122.158,3760,9450,"(47.5617, -122.15799999999999)",FALSE,2.683240809
19194,1901600090,6/26/2014,359000,5,1.75,1940,6654,1.5,NO,NONE,Good,7,Average,1940,0,1953,0,98166,47.4663,-122.359,2300,9500,"(47.4663, -122.359)",TRUE,0.909786325
19195,1901600090,4/26/2015,390000,5,1.75,1940,6654,1.5,,NONE,Good,7,Average,1940,0,1953,0,98166,47.4663,-122.359,2300,9500,"(47.4663, -122.359)",TRUE,0.909786325
19320,6021500970,5/28/2014,345000,2,1,1080,4000,1,NO,NONE,Average,7,Average,1080,0,1940,0,98117,47.6902,-122.387,1530,4240,"(47.6902, -122.387)",FALSE,3.136183386
19321,6021500970,4/7/2015,874950,2,1,1080,4000,1,NO,NONE,Average,7,Average,1080,?,1940,,98117,47.6902,-122.387,1530,4240,"(47.6902, -122.387)",FALSE,3.136183386
19536,643300040,11/4/2014,481000,4,1.75,1920,9500,1,NO,NONE,Good,7,Average,1470,450,1966,0,98006,47.5683,-122.177,1820,10091,"(47.5683, -122.177)",FALSE,1.732159492
19537,643300040,3/13/2015,719521,4,1.75,1920,9500,1,NO,NONE,Good,7,Average,1470,450,1966,0,98006,47.5683,-122.177,1820,10091,"(47.5683, -122.177)",FALSE,1.732159492
20037,8648900110,5/5/2014,555000,3,2.5,1940,3211,2,NO,NONE,Average,8,Good,1940,0,2009,0,98027,47.5644,-122.093,1880,3078,"(47.5644, -122.09299999999999)",TRUE,0.620654909
20038,8648900110,8/26/2014,555000,3,2.5,1940,3211,2,NO,NONE,Average,8,Good,1940,0,2009,0,98027,47.5644,-122.093,1880,3078,"(47.5644, -122.09299999999999)",TRUE,0.620654909
20164,7853400250,6/4/2014,610000,4,3.5,2910,5260,2,NO,NONE,Average,9,Better,2910,0,2012,0,98065,47.5168,-121.883,2910,5260,"(47.5168, -121.883)",FALSE,14.42962804
20165,7853400250,2/19/2015,645000,4,3.5,2910,5260,2,NO,NONE,Average,9,Better,2910,0,2012,0,98065,47.5168,-121.883,2910,5260,"(47.5168, -121.883)",FALSE,14.42962804
20596,2724049222,8/2/2014,163800,2,2.5,1000,1092,2,,NONE,Average,7,Average,990,10,2004,0,98118,47.5419,-122.271,1330,1466,"(47.5419, -122.271)",TRUE,0.68957616
20597,2724049222,12/1/2014,220000,2,2.5,1000,1092,2,NO,NONE,Average,7,Average,990,10,2004,0,98118,47.5419,-122.271,1330,1466,"(47.5419, -122.271)",TRUE,0.68957616
20653,8564860270,7/8/2014,449990,4,2.5,2680,5539,2,NO,NONE,Average,8,Good,2680,0,2013,0,98045,47.4759,-121.734,2680,5992,"(47.4759, -121.734)",FALSE,26.54056791
20654,8564860270,3/30/2015,502000,4,2.5,2680,5539,2,,NONE,Average,8,Good,2680,0,2013,0,98045,47.4759,-121.734,2680,5992,"(47.4759, -121.734)",FALSE,26.54056791
20763,6300000226,6/26/2014,240000,4,1,1200,2171,1.5,NO,NONE,Average,7,Average,1200,0,1933,0,98133,47.7076,-122.342,1130,1598,"(47.7076, -122.34200000000001)",FALSE,4.920167128
20764,6300000226,5/4/2015,380000,4,1,1200,2171,1.5,NO,NONE,Average,7,Average,1200,0,1933,0,98133,47.7076,-122.342,1130,1598,"(47.7076, -122.34200000000001)",FALSE,4.920167128
21564,7853420110,10/3/2014,594866,3,3,2780,6000,2,NO,NONE,Average,9,Better,2780,0,2013,0,98065,47.5184,-121.886,2850,6000,"(47.5184, -121.88600000000001)",FALSE,14.15180612
21565,7853420110,5/4/2015,625000,3,3,2780,6000,2,NO,NONE,Average,9,Better,2780,0,2013,,98065,47.5184,-121.886,2850,6000,"(47.5184, -121.88600000000001)",FALSE,14.15180612
